-- =====================================================
-- 初始化数据
-- 运行方式：在MySQL中执行 source data.sql
-- =====================================================

SET NAMES utf8mb4;
SET FOREIGN_KEY_CHECKS = 0;

-- =====================================================
-- 1. 初始化竞赛分类
-- =====================================================
INSERT IGNORE INTO competition_category (id, name, icon, sort, status) VALUES
(1, '学科竞赛', '📚', 1, 1),
(2, '创新创业', '💡', 2, 1),
(3, '程序设计', '💻', 3, 1),
(4, '数学建模', '📊', 4, 1),
(5, '机器人/人工智能', '🤖', 5, 1),
(6, '外语竞赛', '🌍', 6, 1),
(7, '艺术设计', '🎨', 7, 1),
(8, '体育竞技', '⚽', 8, 1);

-- =====================================================
-- 2. 初始化爬虫任务
-- =====================================================
INSERT IGNORE INTO crawler_task (id, name, target_url, site_name, status, crawl_count, cron_expr) VALUES
(1, '数学建模竞赛', 'https://www.mcm.edu.cn/', 'MCM官网', 1, 0, '0 0 6 * * ?'),
(2, '蓝桥杯竞赛', 'https://www.lanqiao.cn/', '蓝桥杯官网', 1, 0, '0 0 6 * * ?'),
(3, '互联网+大赛', 'https://cy.ncss.cn/', '互联网+官网', 0, 0, '0 0 6 * * ?'),
(4, '机器人大赛', 'https://www.robo.com.cn/', '机器人大赛官网', 0, 0, '0 0 6 * * ?'),
(5, 'CCF竞赛信息', 'https://www.ccf.org.cn/', 'CCF官网', 0, 0, '0 0 6 * * ?');

-- =====================================================
-- 3. 初始化竞赛数据（默认数据）
-- =====================================================
INSERT IGNORE INTO competition (id, title, category_id, level, level_name, organizer, description, start_time, end_time, status, enroll_count, view_count) VALUES
(1, '全国大学生数学建模竞赛', 4, 3, '国家级', '中国工业与应用数学学会', '全国大学生数学建模竞赛是全国高校规模最大的基础性学科竞赛，每年举办一次。', '2026-07-01 00:00:00', '2026-09-05 23:59:59', 1, 156, 2340),
(2, '蓝桥杯全国软件和信息技术专业人才大赛', 3, 3, '国家级', '工业和信息化部人才交流中心', '蓝桥杯大赛是工业和信息化部人才交流中心举办的全国性IT学科赛事。', '2026-01-15 00:00:00', '2026-06-15 23:59:59', 1, 234, 4560),
(3, '中国国际大学生创新大赛（互联网+）', 2, 3, '国家级', '教育部', '中国国际大学生创新大赛是教育部主办的全国性大学生创新创业赛事。', '2026-04-01 00:00:00', '2026-09-30 23:59:59', 1, 89, 1890),
(4, '全国大学生机器人大赛', 5, 3, '国家级', '共青团中央', '全国大学生机器人大赛是面向全国大学生的机器人竞赛活动。', '2026-04-01 00:00:00', '2026-07-20 23:59:59', 1, 45, 1230),
(5, 'CCF大学生计算机系统与程序设计竞赛', 3, 3, '国家级', '中国计算机学会', 'CCF大学生计算机系统与程序设计竞赛面向全国在校大学生。', '2026-04-01 00:00:00', '2026-06-30 23:59:59', 1, 67, 1560),
(6, '全国大学生英语竞赛', 6, 2, '省级', '高等学校大学外语教学研究会', '全国大学生英语竞赛是高等学校大学外语教学研究会主办的全国性英语综合能力竞赛。', '2026-04-01 00:00:00', '2026-05-16 23:59:59', 1, 123, 2890),
(7, '全国大学生广告艺术大赛', 7, 3, '国家级', '教育部高等教育司', '全国大学生广告艺术大赛是教育部高等教育司指导的全国性大学生广告艺术类竞赛。', '2026-06-01 00:00:00', '2026-10-01 23:59:59', 1, 78, 1670),
(8, 'ACM-ICPC国际大学生程序设计竞赛', 3, 4, '国际级', 'ACM协会', 'ACM国际大学生程序设计竞赛是由美国计算机协会主办的年度竞赛。', '2026-09-01 00:00:00', '2026-11-30 23:59:59', 1, 34, 2340);

-- =====================================================
-- 4. 初始化测试用户（密码：123456）
-- =====================================================
-- 管理员账号
INSERT IGNORE INTO sys_user (id, username, password, nickname, real_name, email, phone, role, status, student_id) VALUES
(1, 'admin', '$2a$10$N.zmdr9k7uOCQb376NoUnuTJ8iAt6Z5EHsM8lE9lBOsl7iAt6Z5EO', '系统管理员', '管理员', 'admin@example.com', '13800138000', 1, 1, 'ADMIN001');

-- 学生账号
INSERT IGNORE INTO sys_user (id, username, password, nickname, real_name, email, phone, role, status, student_id, college, major) VALUES
(3, 'zhangsan', '$2a$10$N.zmdr9k7uOCQb376NoUnuTJ8iAt6Z5EHsM8lE9lBOsl7iAt6Z5EO', '追梦少年', '张三', 'zhangsan@example.com', '13800138001', 3, 1, '2024010001', '计算机学院', '软件工程');

INSERT IGNORE INTO sys_user (id, username, password, nickname, real_name, email, phone, role, status, student_id, college, major) VALUES
(4, 'lisi', '$2a$10$N.zmdr9k7uOCQb376NoUnuTJ8iAt6Z5EHsM8lE9lBOsl7iAt6Z5EO', '李四同学', '李四', 'lisi@example.com', '13800138002', 3, 1, '2024020002', '数学学院', '应用数学');

-- =====================================================
-- 5. 初始化报名记录（示例数据）
-- =====================================================
INSERT IGNORE INTO competition_enrollment (id, competition_id, user_id, team_name, team_members, student_id, real_name, college, major, phone, remark, status, enroll_time) VALUES
(1, 1, 3, '张三战队', '张三,王五,赵六', '2024010001', '张三', '计算机学院', '软件工程', '138****8888', '希望获得好成绩', 0, '2026-04-25 10:23:00'),
(2, 2, 4, '', '李四', '2024020002', '李四', '数学学院', '应用数学', '139****9999', '蓝桥杯 Java 组', 1, '2026-04-20 09:15:00'),
(3, 3, 3, '', '', '2024010001', '张三', '计算机学院', '软件工程', '138****8888', '互联网+创业项目', 1, '2026-04-22 14:30:00'),
(4, 1, 4, '数学小分队', '李四,钱七', '2024020002', '李四', '数学学院', '应用数学', '139****9999', '', 0, '2026-04-26 16:45:00');

SET FOREIGN_KEY_CHECKS = 1;

-- =====================================================
-- 初始化完成
-- =====================================================
